"Url","PageType","Status","TitleLen","DescLen","H1Len","HtmlBytes","Issues","RecommendedAction"
"https://www.drygelworld.com","Homepage","200","57","141","55","230927","","Keep; monitor in GSC"
"https://www.drygelworld.com/about","Commercial/Support","200","56","139","56","163931","","Keep; monitor in GSC"
"https://www.drygelworld.com/pricing","Commercial/Support","200","55","141","41","158732","","Keep; monitor in GSC"
"https://www.drygelworld.com/products","Product","200","50","138","59","179513","","Keep; monitor in GSC"
"https://www.drygelworld.com/contact","Commercial/Support","200","42","129","37","139827","","Keep; monitor in GSC"
"https://www.drygelworld.com/faq","Commercial/Support","200","55","157","38","140172","","Keep; monitor in GSC"
"https://www.drygelworld.com/blog","Blog","200","37","146","58","270082","HTML >250KB","Move to performance sprint: reduce HTML/payload"
"https://www.drygelworld.com/case-studies","Case Study","200","47","120","55","171751","","Keep; monitor in GSC"
"https://www.drygelworld.com/documents","Commercial/Support","200","56","152","54","161475","","Keep; monitor in GSC"
"https://www.drygelworld.com/documentation","Commercial/Support","200","56","143","32","165398","","Keep; monitor in GSC"
"https://www.drygelworld.com/certifications","Commercial/Support","200","41","146","57","173430","","Keep; monitor in GSC"
"https://www.drygelworld.com/dispensers","Commercial/Support","200","51","149","63","140254","","Keep; monitor in GSC"
"https://www.drygelworld.com/bulk-sales","Commercial/Support","200","50","153","59","143044","","Keep; monitor in GSC"
"https://www.drygelworld.com/private-label","Commercial/Support","200","56","146","63","130382","","Keep; monitor in GSC"
"https://www.drygelworld.com/videos","Commercial/Support","200","54","123","26","143941","","Keep; monitor in GSC"
"https://www.drygelworld.com/export","Export","200","45","139","61","157028","","Keep; monitor in GSC"
"https://www.drygelworld.com/drygelworld","Commercial/Support","200","60","155","45","156542","","Keep; monitor in GSC"
"https://www.drygelworld.com/compare","Comparison","200","40","145","68","159844","","Keep; monitor in GSC"
"https://www.drygelworld.com/guides/silica-gel-buyer-guide","Guide","200","33","138","37","188390","","Keep; monitor in GSC"
"https://www.drygelworld.com/guides/desiccant-glossary","Guide","200","55","153","31","301546","HTML >250KB","Move to performance sprint: reduce HTML/payload"
"https://www.drygelworld.com/media-kit","Commercial/Support","200","33","141","37","156026","","Keep; monitor in GSC"
"https://www.drygelworld.com/industries","Industry","200","57","146","58","154448","","Keep; monitor in GSC"
"https://www.drygelworld.com/tools/container-desiccant-calculator","Calculator","200","51","147","31","167996","","Keep; monitor in GSC"
"https://www.drygelworld.com/tools/moisture-load-calculator","Calculator","200","58","134","25","145571","","Keep; monitor in GSC"
"https://www.drygelworld.com/products/retail-sachets","Product","200","49","153","26","186284","","Keep; monitor in GSC"
"https://www.drygelworld.com/products/paper-sachets","Product","200","47","132","31","185712","","Keep; monitor in GSC"
"https://www.drygelworld.com/products/bulk-industrial","Product","200","49","116","32","185998","","Keep; monitor in GSC"
"https://www.drygelworld.com/products/container-strips","Product","200","49","116","32","186354","","Keep; monitor in GSC"
"https://www.drygelworld.com/products/powder-free-blue-nitrile-gloves","Product","200","52","128","38","192459","","Keep; monitor in GSC"
"https://www.drygelworld.com/products/powdered-nitrile-examination-gloves","Product","200","49","125","35","192507","","Keep; monitor in GSC"
"https://www.drygelworld.com/products/hair-nets","Product","200","48","125","37","183040","","Keep; monitor in GSC"
"https://www.drygelworld.com/products/beard-covers","Product","200","43","153","42","182470","","Keep; monitor in GSC"
"https://www.drygelworld.com/products/dry-clay-desiccant","Product","200","54","125","29","185529","","Keep; monitor in GSC"
"https://www.drygelworld.com/silica-gel","Commercial/Support","200","54","155","80","188364","","Keep; monitor in GSC"
"https://www.drygelworld.com/buy-silica-gel","Commercial/Support","200","51","156","73","190373","","Keep; monitor in GSC"
"https://www.drygelworld.com/silica-gel-manufacturer","Commercial/Support","200","51","154","48","161370","","Keep; monitor in GSC"
"https://www.drygelworld.com/silica-gel-supplier","Commercial/Support","200","54","150","80","155195","","Keep; monitor in GSC"
"https://www.drygelworld.com/desiccant-manufacturer","Commercial/Support","200","53","148","62","155314","","Keep; monitor in GSC"
"https://www.drygelworld.com/industrial-desiccant-supplier","Commercial/Support","200","53","155","58","155235","","Keep; monitor in GSC"
"https://www.drygelworld.com/industrial-desiccant","Commercial/Support","200","54","151","57","154724","","Keep; monitor in GSC"
"https://www.drygelworld.com/packaging-desiccant-manufacturer","Commercial/Support","200","53","155","59","155507","","Keep; monitor in GSC"
"https://www.drygelworld.com/silica-gel-packets-manufacturer","Commercial/Support","200","51","153","60","155186","","Keep; monitor in GSC"
"https://www.drygelworld.com/silica-gel-packets-wholesale","Commercial/Support","200","53","153","52","155096","","Keep; monitor in GSC"
"https://www.drygelworld.com/container-desiccant-supplier","Commercial/Support","200","49","155","46","155226","","Keep; monitor in GSC"
"https://www.drygelworld.com/container-desiccant","Commercial/Support","200","54","158","76","154880","","Keep; monitor in GSC"
"https://www.drygelworld.com/silica-gel-manufacturer-china-alternative","Commercial/Support","200","59","153","60","155652","","Keep; monitor in GSC"
"https://www.drygelworld.com/desiccant-bags-supplier","Commercial/Support","200","54","155","56","154670","","Keep; monitor in GSC"
"https://www.drygelworld.com/desiccant-bags","Commercial/Support","200","50","152","71","155616","","Keep; monitor in GSC"
"https://www.drygelworld.com/oem-silica-gel-manufacturer","Commercial/Support","200","53","148","54","155107","","Keep; monitor in GSC"
"https://www.drygelworld.com/private-label-silica-gel-supplier","Commercial/Support","200","33","153","54","155551","","Keep; monitor in GSC"
"https://www.drygelworld.com/white-silica-gel","Commercial/Support","200","49","149","77","205802","","Keep; monitor in GSC"
"https://www.drygelworld.com/indicating-silica-gel","Commercial/Support","200","56","152","77","204705","","Keep; monitor in GSC"
"https://www.drygelworld.com/non-indicating-silica-gel","Commercial/Support","200","53","151","78","204296","","Keep; monitor in GSC"
"https://www.drygelworld.com/moisture-absorber-manufacturer","Commercial/Support","200","54","153","56","154967","","Keep; monitor in GSC"
"https://www.drygelworld.com/shipping-container-moisture-control","Commercial/Support","200","56","154","53","155537","","Keep; monitor in GSC"
"https://www.drygelworld.com/pharmaceutical-desiccant","Commercial/Support","200","58","155","78","169472","","Keep; monitor in GSC"
"https://www.drygelworld.com/electronic-packaging-desiccant","Commercial/Support","200","52","153","52","169352","","Keep; monitor in GSC"
"https://www.drygelworld.com/hair-net-supplier","Commercial/Support","200","59","85","71","155548","","Keep; monitor in GSC"
"https://www.drygelworld.com/beard-cover-supplier","Commercial/Support","200","56","97","74","155211","","Keep; monitor in GSC"
"https://www.drygelworld.com/food-grade-hair-nets","Commercial/Support","200","58","76","66","156353","","Keep; monitor in GSC"
"https://www.drygelworld.com/hair-net-supplier-uae","Commercial/Support","200","25","86","62","155619","","Keep; monitor in GSC"
"https://www.drygelworld.com/dry-clay-desiccant-supplier-saudi-arabia","Commercial/Support","200","44","98","70","156814","","Keep; monitor in GSC"
"https://www.drygelworld.com/beard-cover-supplier-usa","Commercial/Support","200","28","88","70","156166","","Keep; monitor in GSC"
"https://www.drygelworld.com/silica-gel-supplier-uk","Commercial/Support","200","57","126","72","157632","","Keep; monitor in GSC"
"https://www.drygelworld.com/dry-clay-desiccant-supplier-uae","Commercial/Support","200","31","95","74","157088","","Keep; monitor in GSC"
"https://www.drygelworld.com/hair-net-supplier-saudi-arabia","Commercial/Support","200","30","88","75","155853","","Keep; monitor in GSC"
"https://www.drygelworld.com/18-inch-hair-nets","Commercial/Support","200","41","91","53","154931","","Keep; monitor in GSC"
"https://www.drygelworld.com/22-inch-hair-nets","Commercial/Support","200","41","82","49","155285","","Keep; monitor in GSC"
"https://www.drygelworld.com/20-inch-hair-nets","Commercial/Support","200","41","134","61","155208","","Keep; monitor in GSC"
"https://www.drygelworld.com/disposable-hair-nets","Commercial/Support","200","55","96","59","155794","","Keep; monitor in GSC"
"https://www.drygelworld.com/bentonite-clay","Commercial/Support","200","57","149","76","171896","","Keep; monitor in GSC"
"https://www.drygelworld.com/disposable-beard-covers","Commercial/Support","200","49","97","61","156148","","Keep; monitor in GSC"
"https://www.drygelworld.com/beard-cover-supplier-uk","Commercial/Support","200","41","151","70","156884","","Keep; monitor in GSC"
"https://www.drygelworld.com/21-inch-hair-nets","Commercial/Support","200","51","147","64","155982","","Keep; monitor in GSC"
"https://www.drygelworld.com/non-woven-hair-nets","Commercial/Support","200","48","100","67","156203","","Keep; monitor in GSC"
"https://www.drygelworld.com/hair-net-supplier-usa","Commercial/Support","200","56","142","76","156502","","Keep; monitor in GSC"
"https://www.drygelworld.com/beard-cover-supplier-saudi-arabia","Commercial/Support","200","33","128","67","156327","","Keep; monitor in GSC"
"https://www.drygelworld.com/dry-clay-exporter-europe","Commercial/Support","200","34","117","73","158067","","Keep; monitor in GSC"
"https://www.drygelworld.com/non-woven-beard-covers","Commercial/Support","200","51","101","61","156517","","Keep; monitor in GSC"
"https://www.drygelworld.com/desiccants-for-pharma-industry","Commercial/Support","200","30","152","61","158645","","Keep; monitor in GSC"
"https://www.drygelworld.com/hair-nets-for-food-industry","Commercial/Support","200","27","110","71","157206","","Keep; monitor in GSC"
"https://www.drygelworld.com/moisture-absorber-for-shipping","Commercial/Support","200","30","141","67","158032","","Keep; monitor in GSC"
"https://www.drygelworld.com/silica-gel-for-leather-export","Commercial/Support","200","29","89","68","158183","","Keep; monitor in GSC"
"https://www.drygelworld.com/silica-gel-beads","Commercial/Support","200","53","95","69","171414","","Keep; monitor in GSC"
"https://www.drygelworld.com/silica-gel-packets","Commercial/Support","200","52","158","59","188791","","Keep; monitor in GSC"
"https://www.drygelworld.com/bulk-silica-gel-desiccant","Commercial/Support","200","34","156","78","193122","","Keep; monitor in GSC"
"https://www.drygelworld.com/container-desiccant-strips","Commercial/Support","200","60","154","72","204315","","Keep; monitor in GSC"
"https://www.drygelworld.com/private-label-desiccant-packets","Commercial/Support","200","56","149","79","158651","","Keep; monitor in GSC"
"https://www.drygelworld.com/silica-gel-manufacturer-pakistan","Commercial/Support","200","49","152","69","154665","","Keep; monitor in GSC"
"https://www.drygelworld.com/silica-gel-supplier-karachi","Commercial/Support","200","44","147","75","154526","","Keep; monitor in GSC"
"https://www.drygelworld.com/food-grade-silica-gel-supplier","Commercial/Support","200","56","156","57","173487","","Keep; monitor in GSC"
"https://www.drygelworld.com/blue-silica-gel-manufacturer","Commercial/Support","200","60","153","60","169427","","Keep; monitor in GSC"
"https://www.drygelworld.com/orange-silica-gel-supplier","Commercial/Support","200","53","152","75","168632","","Keep; monitor in GSC"
"https://www.drygelworld.com/moisture-absorber-supplier","Commercial/Support","200","26","156","52","154685","","Keep; monitor in GSC"
"https://www.drygelworld.com/shipping-container-desiccant-supplier","Commercial/Support","200","51","151","54","161301","","Keep; monitor in GSC"
"https://www.drygelworld.com/drygelworld","Commercial/Support","200","60","155","45","156542","","Keep; monitor in GSC"
"https://www.drygelworld.com/industries/electronics-packaging","Industry","200","57","149","60","145374","","Keep; monitor in GSC"
"https://www.drygelworld.com/industries/pharma-packaging","Industry","200","55","149","73","144448","","Keep; monitor in GSC"
"https://www.drygelworld.com/industries/leather-footwear-export","Industry","200","58","156","78","147640","","Keep; monitor in GSC"
"https://www.drygelworld.com/industries/food-packaging","Industry","200","46","154","68","147566","","Keep; monitor in GSC"
"https://www.drygelworld.com/industries/textile-garment-export","Industry","200","56","156","54","147463","","Keep; monitor in GSC"
"https://www.drygelworld.com/industries/container-shipping","Industry","200","59","132","52","148162","","Keep; monitor in GSC"
"https://www.drygelworld.com/industries/automotive-parts","Industry","200","56","155","79","147578","","Keep; monitor in GSC"
"https://www.drygelworld.com/industries/defense-and-ammunition-packaging","Industry","200","57","139","54","146794","","Keep; monitor in GSC"
"https://www.drygelworld.com/export/uae","Export","200","49","137","59","163784","","Keep; monitor in GSC"
"https://www.drygelworld.com/export/saudi-arabia","Export","200","58","137","48","164586","","Keep; monitor in GSC"
"https://www.drygelworld.com/export/qatar","Export","200","51","145","61","159314","","Keep; monitor in GSC"
"https://www.drygelworld.com/export/usa","Export","200","49","158","63","164231","","Keep; monitor in GSC"
"https://www.drygelworld.com/export/vietnam","Export","200","53","153","68","151313","","Keep; monitor in GSC"
"https://www.drygelworld.com/export/russia","Export","200","52","141","69","150891","","Keep; monitor in GSC"
"https://www.drygelworld.com/export/bangladesh","Export","200","56","148","77","151218","","Keep; monitor in GSC"
"https://www.drygelworld.com/export/indonesia","Export","200","55","151","68","151301","","Keep; monitor in GSC"
"https://www.drygelworld.com/export/mexico","Export","200","52","152","68","150860","","Keep; monitor in GSC"
"https://www.drygelworld.com/export/turkey","Export","200","52","156","73","150887","","Keep; monitor in GSC"
"https://www.drygelworld.com/export/india","Export","200","51","156","80","154543","","Keep; monitor in GSC"
"https://www.drygelworld.com/export/brazil","Export","200","52","155","78","150932","","Keep; monitor in GSC"
"https://www.drygelworld.com/export/malaysia","Export","200","54","155","50","150992","","Keep; monitor in GSC"
"https://www.drygelworld.com/export/pakistan","Export","200","54","152","74","151326","","Keep; monitor in GSC"
"https://www.drygelworld.com/export/fob-karachi","Export","200","57","158","51","151271","","Keep; monitor in GSC"
"https://www.drygelworld.com/export/uk","Export","200","60","157","68","155388","","Keep; monitor in GSC"
"https://www.drygelworld.com/export/germany","Export","200","53","149","62","155657","","Keep; monitor in GSC"
"https://www.drygelworld.com/export/canada","Export","200","52","157","55","151607","","Keep; monitor in GSC"
"https://www.drygelworld.com/export/australia","Export","200","55","155","68","151726","","Keep; monitor in GSC"
"https://www.drygelworld.com/export/europe","Export","200","52","151","59","151730","","Keep; monitor in GSC"
"https://www.drygelworld.com/blog/top-10-silica-gel-suppliers-world-pakistan","Blog","200","58","155","53","166300","","Keep; monitor in GSC"
"https://www.drygelworld.com/blog/how-to-choose-silica-gel-packet-size","Blog","200","52","148","76","174033","","Keep; monitor in GSC"
"https://www.drygelworld.com/blog/silica-gel-vs-clay-desiccant","Blog","200","55","153","70","181662","","Keep; monitor in GSC"
"https://www.drygelworld.com/blog/container-rain-prevention","Blog","200","52","153","60","184637","","Keep; monitor in GSC"
"https://www.drygelworld.com/blog/desiccant-for-electronics-packaging","Blog","200","48","147","56","178280","","Keep; monitor in GSC"
"https://www.drygelworld.com/blog/can-you-reuse-silica-gel","Blog","200","55","150","73","172372","","Keep; monitor in GSC"
"https://www.drygelworld.com/blog/what-is-silica-gel-and-how-does-it-work","Blog","200","40","154","49","164575","","Keep; monitor in GSC"
"https://www.drygelworld.com/blog/silica-gel-vs-molecular-sieve-vs-activated-alumina","Blog","200","50","145","67","182910","","Keep; monitor in GSC"
"https://www.drygelworld.com/blog/how-to-prevent-moisture-in-export-cartons","Blog","200","48","142","79","186855","","Keep; monitor in GSC"
"https://www.drygelworld.com/blog/silica-gel-sds-coa-requirements-for-buyers","Blog","200","50","142","65","172706","","Keep; monitor in GSC"
"https://www.drygelworld.com/blog/private-label-silica-gel-packets-guide","Blog","200","49","145","60","173622","","Keep; monitor in GSC"
"https://www.drygelworld.com/blog/bulk-silica-gel-supplier-checklist","Blog","200","55","153","74","169205","","Keep; monitor in GSC"
"https://www.drygelworld.com/blog/why-hair-nets-matter-in-food-export","Blog","200","50","150","71","176809","","Keep; monitor in GSC"
"https://www.drygelworld.com/blog/best-desiccant-for-shipping-containers","Blog","200","53","145","65","175216","","Keep; monitor in GSC"
"https://www.drygelworld.com/blog/ppe-products-for-factories","Blog","200","26","155","62","177503","","Keep; monitor in GSC"
"https://www.drygelworld.com/blog/importance-of-beard-covers-in-manufacturing","Blog","200","57","151","67","177260","","Keep; monitor in GSC"
"https://www.drygelworld.com/blog/moisture-protection-for-international-shipping","Blog","200","55","150","77","177448","","Keep; monitor in GSC"
"https://www.drygelworld.com/blog/industrial-packaging-protection-solutions","Blog","200","41","146","67","177185","","Keep; monitor in GSC"
"https://www.drygelworld.com/blog/container-desiccant-vs-silica-gel","Blog","200","56","148","64","163597","","Keep; monitor in GSC"
"https://www.drygelworld.com/blog/reusable-vs-disposable-desiccants","Blog","200","48","140","65","163104","","Keep; monitor in GSC"
"https://www.drygelworld.com/blog/how-long-does-silica-gel-last","Blog","200","55","147","57","163640","","Keep; monitor in GSC"
"https://www.drygelworld.com/blog/how-exporters-protect-cargo-from-humidity","Blog","200","53","147","66","169085","","Keep; monitor in GSC"
"https://www.drygelworld.com/blog/silica-gel-for-pharma-packaging-buyer-guide","Blog","200","55","147","71","175525","","Keep; monitor in GSC"
"https://www.drygelworld.com/blog/indicating-silica-gel-orange-blue-color-change-guide","Blog","200","49","152","76","172533","","Keep; monitor in GSC"
"https://www.drygelworld.com/blog/oxygen-absorber-vs-silica-gel-when-to-use-each","Blog","200","47","146","71","171141","","Keep; monitor in GSC"
"https://www.drygelworld.com/blog/food-grade-silica-gel-procurement-guide","Blog","200","54","144","61","175995","","Keep; monitor in GSC"
"https://www.drygelworld.com/blog/silica-gel-bulk-pricing-factors-for-exporters","Blog","200","53","150","62","171716","","Keep; monitor in GSC"
"https://www.drygelworld.com/blog/silica-gel-for-leather-and-footwear-export","Blog","200","53","147","71","172954","","Keep; monitor in GSC"
"https://www.drygelworld.com/blog/is-silica-gel-toxic-safety-guide","Blog","200","51","149","68","173137","","Keep; monitor in GSC"
"https://www.drygelworld.com/blog/silica-gel-colors-white-blue-orange-explained","Blog","200","52","147","53","171788","","Keep; monitor in GSC"
"https://www.drygelworld.com/blog/silica-gel-shelf-life-and-storage-guide","Blog","200","55","149","70","170033","","Keep; monitor in GSC"
"https://www.drygelworld.com/blog/silica-gel-for-rice-grain-spice-export","Blog","200","44","148","72","173603","","Keep; monitor in GSC"
"https://www.drygelworld.com/blog/silica-gel-import-customs-hs-code-guide","Blog","200","52","143","68","175079","","Keep; monitor in GSC"
"https://www.drygelworld.com/blog/how-silica-gel-is-made-manufacturing-process","Blog","200","55","149","59","171669","","Keep; monitor in GSC"
"https://www.drygelworld.com/blog/relative-humidity-and-adsorption-isotherms-explained","Blog","200","53","150","73","168111","","Keep; monitor in GSC"
"https://www.drygelworld.com/blog/desiccant-units-explained-din-55473-and-unit-sizing","Blog","200","48","146","62","168650","","Keep; monitor in GSC"
"https://www.drygelworld.com/blog/how-many-desiccant-packets-per-box-calculation-guide","Blog","200","53","137","67","166169","","Keep; monitor in GSC"
"https://www.drygelworld.com/blog/desiccant-placement-best-practices-in-packaging","Blog","200","48","151","62","168601","","Keep; monitor in GSC"
"https://www.drygelworld.com/blog/how-to-regenerate-silica-gel-oven-temperature-guide","Blog","200","55","145","61","167295","","Keep; monitor in GSC"
"https://www.drygelworld.com/blog/cobalt-free-orange-vs-blue-indicating-silica-gel-safety","Blog","200","53","152","79","172524","","Keep; monitor in GSC"
"https://www.drygelworld.com/blog/paper-vs-tyvek-vs-film-desiccant-sachet-materials","Blog","200","54","144","66","168053","","Keep; monitor in GSC"
"https://www.drygelworld.com/blog/silica-gel-export-documentation-coo-coa-packing-list","Blog","200","56","138","74","169866","","Keep; monitor in GSC"
"https://www.drygelworld.com/compare/silica-gel-vs-clay-desiccant","Comparison","200","51","154","50","161314","","Keep; monitor in GSC"
"https://www.drygelworld.com/compare/silica-gel-vs-molecular-sieve","Comparison","200","48","157","47","159151","","Keep; monitor in GSC"
"https://www.drygelworld.com/compare/silica-gel-vs-oxygen-absorber","Comparison","200","48","157","47","159085","","Keep; monitor in GSC"
"https://www.drygelworld.com/compare/white-silica-gel-vs-orange-silica-gel","Comparison","200","56","156","76","158512","","Keep; monitor in GSC"
"https://www.drygelworld.com/compare/indicating-vs-non-indicating-silica-gel","Comparison","200","50","156","61","157433","","Keep; monitor in GSC"
"https://www.drygelworld.com/compare/container-desiccant-vs-silica-gel-packets","Comparison","200","60","150","80","157331","","Keep; monitor in GSC"
"https://www.drygelworld.com/compare/bulk-silica-gel-vs-packets","Comparison","200","56","157","72","156332","","Keep; monitor in GSC"
"https://www.drygelworld.com/compare/silica-gel-vs-calcium-chloride-container-desiccant","Comparison","200","58","146","50","165292","","Keep; monitor in GSC"
"https://www.drygelworld.com/compare/desiccant-vs-vci-corrosion-protection","Comparison","200","55","136","41","161830","","Keep; monitor in GSC"
"https://www.drygelworld.com/compare/silica-gel-vs-activated-carbon","Comparison","200","49","153","75","160193","","Keep; monitor in GSC"
"https://www.drygelworld.com/authors/dry-gel-world-export-desk","Commercial/Support","200","40","155","23","137592","","Keep; monitor in GSC"
"https://www.drygelworld.com/case-studies/uae-container-rain-electronics","Case Study","200","47","151","72","146216","","Keep; monitor in GSC"
"https://www.drygelworld.com/case-studies/saudi-bulk-silica-gel-supply","Case Study","200","44","131","72","144390","","Keep; monitor in GSC"
"https://www.drygelworld.com/case-studies/pharmaceutical-packaging-desiccants","Case Study","200","51","145","58","143539","","Keep; monitor in GSC"
"https://www.drygelworld.com/case-studies/container-export-moisture-protection","Case Study","200","43","128","59","143578","","Keep; monitor in GSC"
"https://www.drygelworld.com/case-studies/leather-footwear-export-moisture-control","Case Study","200","52","155","47","143896","","Keep; monitor in GSC"
"https://www.drygelworld.com/case-studies/electronics-storage-desiccants","Case Study","200","46","146","50","143746","","Keep; monitor in GSC"
"https://www.drygelworld.com/case-studies/food-packaging-desiccants","Case Study","200","41","138","48","143564","","Keep; monitor in GSC"
"https://www.drygelworld.com/case-studies/container-desiccant-success-story","Case Study","200","54","150","62","144069","","Keep; monitor in GSC"
